City,Brand
Chennai,C
Chennai,D
Mumbai,C
Chennai,C
Chennai,A
Mumbai,A
Mumbai,C
Chennai,C
Mumbai,C
Chennai,C
Chennai,D
Chennai,D
Mumbai,C
Chennai,A
Chennai,A
Mumbai,A
Chennai,D
Chennai,D
Mumbai,C
Mumbai,D
Mumbai,A
Chennai,C
Mumbai,A
Mumbai,D
Chennai,D
Chennai,A
Chennai,A
Mumbai,C
Mumbai,B
Mumbai,C
Chennai,D
Chennai,D
Chennai,A
Chennai,D
Mumbai,A
Chennai,D
Chennai,D
Mumbai,D
Chennai,C
Chennai,A
Mumbai,C
Chennai,A
Mumbai,A
Chennai,B
Chennai,C
Chennai,C
Chennai,C
Mumbai,A
Mumbai,D
Chennai,A
Mumbai,C
Mumbai,D
Chennai,A
Mumbai,C
Mumbai,A
Mumbai,B
Mumbai,A
Mumbai,A
Mumbai,C
Chennai,C
Chennai,A
Chennai,C
Mumbai,A
Mumbai,A
Chennai,D
Mumbai,D
Chennai,B
Mumbai,B
Mumbai,A
Mumbai,C
Mumbai,A
Mumbai,C
Chennai,D
Chennai,D
Mumbai,C
Chennai,A
Chennai,C
Chennai,A
Chennai,C
Mumbai,A
Chennai,D
Mumbai,D
Mumbai,A
Chennai,A
Chennai,D
Chennai,A
Chennai,D
Chennai,D
Chennai,A
Chennai,C
Mumbai,A
Mumbai,C
Chennai,C
Chennai,D
Chennai,D
Chennai,D
Mumbai,D
Chennai,A
Mumbai,A
Chennai,A
Mumbai,C
Mumbai,C
Chennai,B
Chennai,B
Mumbai,C
Mumbai,C
Chennai,C
Mumbai,C
Chennai,A
Mumbai,C
Chennai,A
Mumbai,A
Mumbai,A
Mumbai,C
Chennai,D
Chennai,D
Chennai,C
Mumbai,A
Mumbai,B
Mumbai,D
Mumbai,A
Chennai,D
Mumbai,D
Mumbai,D
Mumbai,A
Mumbai,C
Mumbai,A
Mumbai,C
Chennai,C
Mumbai,C
Mumbai,A
Chennai,C
Mumbai,D
Mumbai,B
Chennai,D
Chennai,A
Mumbai,D
Mumbai,C
Chennai,C
Mumbai,C
Mumbai,A
Mumbai,C
Chennai,B
Chennai,B
Mumbai,C
Chennai,B
Chennai,C
Mumbai,D
Chennai,D
Mumbai,A
Chennai,D
Chennai,A
Chennai,A
Mumbai,A
Mumbai,C
Chennai,D
Mumbai,A
Chennai,A
Mumbai,C
Mumbai,D
Chennai,B
Mumbai,A
Chennai,C
Chennai,D
Chennai,C
Mumbai,A
Mumbai,C
Chennai,C
Mumbai,C
Mumbai,A
Mumbai,D
Chennai,A
Chennai,C
Mumbai,B
Mumbai,D
Chennai,C
Mumbai,C
Chennai,D
Chennai,B
Chennai,A
Mumbai,B
Mumbai,C
Mumbai,D
Mumbai,A
Chennai,C
Chennai,D
Mumbai,A
Chennai,C
Mumbai,A
Mumbai,A
Chennai,D
Mumbai,A
Chennai,D
Mumbai,A
Mumbai,D
Chennai,C
Chennai,D
Mumbai,D
Mumbai,A
Mumbai,A
Chennai,C
Mumbai,A
Mumbai,A
Mumbai,A
Mumbai,B
Chennai,C
Mumbai,D
Mumbai,C
Chennai,A
Chennai,C
Mumbai,C
Chennai,C
Mumbai,A
Chennai,D
Chennai,A
Chennai,A
Chennai,D
Mumbai,D
Mumbai,D
Chennai,D
Mumbai,B
Mumbai,A
Chennai,C
Mumbai,D
Mumbai,A
Mumbai,A
Mumbai,A
Mumbai,A
Mumbai,B
Chennai,C
Mumbai,C
Mumbai,C
Chennai,D
Chennai,B
Chennai,D
Mumbai,C
Mumbai,C
Chennai,D
Mumbai,C
Chennai,A
Chennai,A
Chennai,D
Chennai,D
Chennai,C
Chennai,A
Mumbai,A
Mumbai,C
Mumbai,C
Mumbai,A
Mumbai,A
Chennai,C
Mumbai,D
Mumbai,C
Chennai,C
Chennai,A
Chennai,D
Mumbai,A
Mumbai,A
Chennai,C
Mumbai,C
Mumbai,C
Chennai,A
Mumbai,D
Chennai,D
Chennai,D
Chennai,A
Chennai,A
Chennai,A
Chennai,C
Mumbai,C
Chennai,D
Mumbai,C
Chennai,A
Chennai,C
Mumbai,C
Chennai,B
Mumbai,A
Mumbai,C
Mumbai,C
Mumbai,C
Mumbai,A
Mumbai,C
Mumbai,C
Mumbai,A
Mumbai,A
Chennai,C
Chennai,D
Mumbai,A
Chennai,A
Mumbai,A
Mumbai,A
Mumbai,D
Chennai,C
Chennai,C
Mumbai,A
Mumbai,A
Chennai,C
Chennai,C
Mumbai,D
Mumbai,C
Mumbai,D
Chennai,C
Mumbai,B
Mumbai,B
Mumbai,B
Mumbai,A
Mumbai,A
Mumbai,B
Chennai,D
Mumbai,C
Chennai,D
Chennai,C
Mumbai,A
Chennai,C
Mumbai,D
Mumbai,C
Mumbai,A
Mumbai,C
Mumbai,C
Mumbai,C
Chennai,D
Mumbai,A
Chennai,D
Mumbai,A
Mumbai,A
Mumbai,C
Mumbai,A
Mumbai,B
Chennai,D
Chennai,C
Chennai,A
Mumbai,B
Chennai,C
Chennai,D
Mumbai,C
Chennai,D
Chennai,D
Mumbai,A
Mumbai,A
Mumbai,C
Chennai,A
Chennai,C
Mumbai,C
Mumbai,C
Mumbai,A
Chennai,B
Chennai,A
Chennai,A
Chennai,C
Chennai,C
Chennai,D
Mumbai,A
Mumbai,A
Mumbai,D
Mumbai,A
Mumbai,A
Chennai,C
Mumbai,D
Chennai,D
Mumbai,C
Mumbai,D
Chennai,D
Mumbai,C
Chennai,B
Chennai,C
Mumbai,A
Mumbai,A
Mumbai,C
Chennai,D
Chennai,B
Chennai,C
Chennai,B
Chennai,A
Mumbai,A
Chennai,D
Chennai,D
Mumbai,A
Mumbai,A
Mumbai,B
Mumbai,C
Mumbai,C
Chennai,A
Chennai,D
Mumbai,B
Chennai,D
Mumbai,A
Mumbai,A
Chennai,D
Mumbai,A
Chennai,C
Mumbai,A
Chennai,C
Mumbai,A
Mumbai,A
Chennai,A
Mumbai,C
Chennai,D
Mumbai,A
Chennai,D
Chennai,C
Mumbai,A
Chennai,C
Chennai,D
Chennai,A
Mumbai,A
Chennai,A
Chennai,A
Mumbai,A
Chennai,D
Mumbai,C
Mumbai,D
Chennai,D
Mumbai,D
Mumbai,C
Chennai,A
Chennai,C
Chennai,C
Mumbai,B
Chennai,D
Chennai,D
Chennai,C
Chennai,A
Chennai,A
Mumbai,D
Mumbai,A
Chennai,C
Chennai,A
Mumbai,A
Chennai,A
Mumbai,A
Mumbai,C
Mumbai,C
Chennai,D
Chennai,D
Chennai,D
Chennai,C
Chennai,A
Mumbai,B
Chennai,D
Chennai,C
Chennai,C
Mumbai,D
Mumbai,A
Chennai,D
Mumbai,A
Chennai,A
Chennai,C
Mumbai,A
Mumbai,C
Chennai,D
Mumbai,A
Chennai,C
Chennai,D
Chennai,D
Mumbai,C
Mumbai,B
Mumbai,D
Chennai,A
Chennai,B
Mumbai,A
Chennai,D
Chennai,C
Mumbai,D
Mumbai,C
Mumbai,A
Chennai,D
Mumbai,C
Mumbai,A
Mumbai,A
Mumbai,A
Mumbai,A
Mumbai,A
Mumbai,A
Chennai,A
Mumbai,A
Mumbai,B
Chennai,C
Mumbai,C
Mumbai,C
Chennai,B
Mumbai,C
Chennai,C
Mumbai,D
Chennai,D
Chennai,D
Chennai,B
Mumbai,A
Mumbai,C
Mumbai,C
Chennai,B
Chennai,D
Chennai,C
Chennai,C
Chennai,C
Mumbai,A
Mumbai,D
Chennai,D
Mumbai,C
Chennai,C
Mumbai,C
Chennai,D
Chennai,C
Mumbai,A
Mumbai,B
Chennai,C
Chennai,A
Mumbai,B
Chennai,C
Chennai,D
Chennai,A
Chennai,A
Mumbai,A
Chennai,A
Mumbai,B
Chennai,A
Chennai,D
Mumbai,A
Mumbai,A
Mumbai,A
Mumbai,A
Chennai,A
Mumbai,A
Mumbai,C
Mumbai,A
Mumbai,B
Chennai,C
Mumbai,D
Chennai,D
Chennai,D
Chennai,C
Mumbai,A
Mumbai,C
Mumbai,C
Mumbai,B
Mumbai,A
Mumbai,A
Mumbai,A
Mumbai,A
Mumbai,A
Mumbai,D
Mumbai,A
Mumbai,C
Chennai,A
Chennai,D
Chennai,A
Mumbai,C
Chennai,B
Mumbai,B
Mumbai,C
Mumbai,A
Chennai,C
Chennai,A
Chennai,C
Chennai,A
Mumbai,C
Chennai,D
Mumbai,D
Mumbai,D
Mumbai,D
Mumbai,B
Chennai,D
Mumbai,D
Chennai,C
Chennai,D
Chennai,A
Mumbai,C
Chennai,C
Chennai,B
Chennai,A
Mumbai,D
Mumbai,C
Mumbai,B
Chennai,C
Chennai,A
Mumbai,A
Chennai,D
Chennai,D
Mumbai,A
Chennai,D
Mumbai,C
Chennai,D
Mumbai,C
Mumbai,C
Mumbai,A
Mumbai,A
Chennai,D
Mumbai,A
Mumbai,C
Chennai,A
Mumbai,D
Chennai,A
Chennai,A
Mumbai,B
Mumbai,C
Chennai,A
Chennai,D
Mumbai,A
Mumbai,A
Chennai,D
Chennai,A
Mumbai,C
Mumbai,C
Chennai,C
Chennai,A
Chennai,C
Mumbai,B
Mumbai,C
Mumbai,B
Mumbai,C
Chennai,C
Mumbai,A
Mumbai,D
Mumbai,B
Mumbai,C
Mumbai,B
Chennai,D
Chennai,C
Mumbai,A
Mumbai,A
Mumbai,A
Chennai,C
Mumbai,C
Mumbai,C
Chennai,D
Mumbai,C
Mumbai,A
Chennai,C
Chennai,D
Mumbai,C
Mumbai,A
Mumbai,A
Chennai,C
Chennai,B
Mumbai,A
Chennai,A
Mumbai,C
Mumbai,C
Chennai,A
Mumbai,D
Mumbai,C
Mumbai,C
Mumbai,D
Mumbai,B
Mumbai,C
Chennai,A
Mumbai,C
Mumbai,A
Mumbai,C
Chennai,B
Chennai,C
Mumbai,B
Chennai,A
Chennai,A
Chennai,C
Chennai,C
Chennai,D
Mumbai,A
Mumbai,C
Chennai,A
Mumbai,C
Chennai,C
Mumbai,C
Mumbai,C
Chennai,B
Mumbai,A
Mumbai,A
Mumbai,A
Mumbai,B
Chennai,C
Chennai,C
Mumbai,C
Mumbai,A
Chennai,D
Chennai,C
Mumbai,D
Chennai,A
Chennai,A
Chennai,D
Mumbai,C
Chennai,C
Chennai,B
Chennai,D
Chennai,C
Chennai,D
Chennai,C
Mumbai,A
Mumbai,B
Chennai,C
Chennai,D
Mumbai,C
Mumbai,C
Mumbai,A
Chennai,D
Chennai,A
Mumbai,D
Mumbai,C
Chennai,C
Mumbai,C
Mumbai,A
Mumbai,C
Chennai,D
Chennai,C
Mumbai,B
Mumbai,D
Mumbai,A
Mumbai,A
Mumbai,A
Mumbai,A
Chennai,B
Mumbai,A
Chennai,C
Mumbai,A
Mumbai,A
Mumbai,C
Chennai,C
Chennai,C
Mumbai,B
Mumbai,C
Chennai,C
Chennai,A
Mumbai,A
Chennai,A
Chennai,C
Mumbai,A
Mumbai,A
Mumbai,A
Mumbai,D
Mumbai,C
Mumbai,A
Mumbai,C
Mumbai,A
Mumbai,A
Chennai,D
Mumbai,C
Mumbai,C
Chennai,C
Mumbai,A
Mumbai,C
Mumbai,C
Mumbai,C
Chennai,A
Chennai,C
Chennai,D
Chennai,D
Chennai,A
Mumbai,C
Chennai,A
Chennai,C
Mumbai,A
Chennai,C
Mumbai,C
Mumbai,D
Mumbai,C
Chennai,B
Chennai,D
Mumbai,A
Mumbai,C
Mumbai,B
Chennai,D
Chennai,D
Chennai,A
Chennai,D
Chennai,D
Mumbai,A
Chennai,D
Mumbai,A
Chennai,A
Chennai,D
Mumbai,A
Chennai,A
Mumbai,B
Mumbai,D
Chennai,A
Chennai,C
Chennai,A
Chennai,A
Chennai,D
Mumbai,A
Mumbai,A
Mumbai,A
Mumbai,D
Mumbai,C
Mumbai,A
Mumbai,A
Chennai,C
Chennai,B
Mumbai,A
Chennai,C
Chennai,C
Mumbai,A
Mumbai,B
Mumbai,C
Chennai,A
Chennai,A
Mumbai,C
Chennai,C
Chennai,A
Mumbai,B
Mumbai,A
Chennai,A
Mumbai,C
Chennai,D
Chennai,A
Chennai,C
Chennai,A
Chennai,C
Mumbai,B
Chennai,A
Mumbai,C
Mumbai,A
Mumbai,A
Mumbai,C
Chennai,C
Mumbai,A
Mumbai,C
Chennai,A
Chennai,C
Chennai,D
Chennai,D
Mumbai,A
Chennai,C
Chennai,D
Mumbai,C
Mumbai,A
Mumbai,A
Chennai,D
Chennai,C
Chennai,A
Mumbai,D
Mumbai,A
Mumbai,C
Mumbai,A
Mumbai,A
Chennai,D
Chennai,A
Mumbai,A
Chennai,C
Chennai,A
Chennai,D
Chennai,C
Chennai,A
Chennai,A
Mumbai,A
Mumbai,C
Mumbai,A
Chennai,C
Mumbai,C
Mumbai,B
Mumbai,A
Mumbai,B
Chennai,C
Mumbai,A
Chennai,A
Mumbai,A
Chennai,D
Chennai,D
Chennai,D
Mumbai,C
Mumbai,A
Chennai,A
Chennai,C
Mumbai,C
Mumbai,C
Chennai,D
Chennai,D
Chennai,A
Mumbai,A
Mumbai,C
Mumbai,A
Chennai,C
Chennai,D
Chennai,C
Mumbai,D
Mumbai,C
Chennai,C
Mumbai,B
Mumbai,C
Chennai,A
Mumbai,B
Chennai,D
Chennai,C
Chennai,C
Chennai,C
Mumbai,C
Mumbai,C
Chennai,C
Chennai,D
Mumbai,C
Chennai,C
Chennai,A
Mumbai,B
Chennai,D
Mumbai,C
Mumbai,A
Chennai,D
Mumbai,B
Chennai,D
Chennai,D
Mumbai,C
Chennai,A
Chennai,D
Mumbai,C
Chennai,B
Chennai,A
Mumbai,D
Mumbai,A
Chennai,D
Mumbai,A
Mumbai,C
Mumbai,D
Chennai,A
Mumbai,A
Chennai,D
Chennai,D
Mumbai,D
Mumbai,A
Mumbai,C
Chennai,B
Chennai,C
Mumbai,D
Chennai,A
Mumbai,B
Mumbai,C
Mumbai,C
Chennai,D
Mumbai,A
Mumbai,C
Mumbai,A
Mumbai,A
Mumbai,C
Chennai,A
Mumbai,A
Chennai,B
Chennai,A
Mumbai,A
Mumbai,B
Mumbai,A
Chennai,D
Mumbai,D
Chennai,C
Mumbai,A
Chennai,A
Chennai,A
Mumbai,C
Chennai,D
Mumbai,A
Mumbai,C
Chennai,A
Mumbai,B
Mumbai,A
Mumbai,A
Chennai,D
Mumbai,A
Chennai,D
Mumbai,A
Mumbai,C
Chennai,A
Chennai,D
Chennai,A
Chennai,A
Mumbai,C
Chennai,C
Mumbai,C
Mumbai,A
Chennai,D
Chennai,D
Chennai,D
Mumbai,A
Chennai,B
Chennai,B
Mumbai,B
Mumbai,B
Mumbai,D
Mumbai,A
Mumbai,B
Mumbai,C
Mumbai,C
Chennai,C
Mumbai,B
Chennai,D
Chennai,D
Mumbai,D
Mumbai,A
Mumbai,A
Chennai,D
Chennai,A
Chennai,B
Mumbai,A
Mumbai,A
Chennai,D
Mumbai,A
Chennai,A
Chennai,D
Chennai,C
Chennai,C
Mumbai,A
Mumbai,A
Chennai,A
Chennai,D
Chennai,D
Chennai,A
Chennai,B
Mumbai,A
Mumbai,A
Mumbai,A
Mumbai,D
Mumbai,C
Mumbai,A
Chennai,C
Chennai,C
Chennai,C
Chennai,D
Chennai,C
Chennai,C
Mumbai,C
Mumbai,C
Chennai,C
Chennai,A
Chennai,A
Chennai,A
Mumbai,C
Chennai,A
Chennai,A
Mumbai,A
Chennai,B
Mumbai,A
Chennai,B
Mumbai,A
Chennai,B
Chennai,C
Chennai,C
Chennai,D
Mumbai,C
Mumbai,A
Mumbai,B
Chennai,A
Chennai,A
Mumbai,C
Mumbai,A
Chennai,A
Chennai,C
Mumbai,C
Mumbai,C
Mumbai,A
Mumbai,A
Mumbai,C
Mumbai,A
Mumbai,C
Mumbai,A
Mumbai,A
Mumbai,A
Mumbai,C
Mumbai,A
Chennai,C
Chennai,D
Chennai,A
Chennai,B
Mumbai,C
Mumbai,B
Mumbai,D
Chennai,C
Chennai,C
Chennai,C
Mumbai,B
Chennai,A
Chennai,A
Mumbai,A
Chennai,D
Chennai,A
Mumbai,A
Mumbai,C
Chennai,A
Chennai,D
Mumbai,A
Chennai,C
Mumbai,C
Chennai,C
Chennai,C
Chennai,C
Mumbai,D
Chennai,B
Chennai,D
Mumbai,B
Mumbai,A
Chennai,A
Chennai,C
Mumbai,C
Mumbai,D
Mumbai,A
Mumbai,C
Chennai,A
Mumbai,C
Mumbai,C
Mumbai,D
Chennai,C
Mumbai,A
Mumbai,C
Chennai,A
Chennai,D
Mumbai,C
Chennai,C
Mumbai,A
Chennai,A
Mumbai,B
Mumbai,D
Chennai,A
Chennai,C
Mumbai,D
Chennai,D
Mumbai,B
Mumbai,B
Mumbai,C
Mumbai,C
Chennai,B
Chennai,B
Chennai,A
Mumbai,D
Mumbai,B
Chennai,A
Mumbai,C
Mumbai,C
Mumbai,A
Mumbai,C
Mumbai,A
Chennai,D
Chennai,D
Chennai,D
Chennai,B
Mumbai,C
Chennai,C
Mumbai,A
Mumbai,A
Chennai,D
Mumbai,A
Mumbai,A
Chennai,A
Chennai,A
Chennai,C
Mumbai,A
Chennai,A
Mumbai,A
Chennai,C
Chennai,A
Chennai,C
Chennai,A
Chennai,D
Mumbai,C
Chennai,C
Mumbai,A
Mumbai,B
Mumbai,D
Chennai,D
Mumbai,D
Chennai,D
Mumbai,A
Mumbai,C
Chennai,C
Mumbai,A
Mumbai,C
Mumbai,A
Chennai,C
Mumbai,A
Chennai,C
Chennai,D
Chennai,C
Chennai,D
Chennai,D
Chennai,A
Mumbai,B
Mumbai,C
Chennai,B
Chennai,D
Chennai,C
Chennai,A
Mumbai,C
Chennai,C
Mumbai,A
Mumbai,A
Mumbai,B
Mumbai,A
Mumbai,A
Mumbai,C
Chennai,C
Mumbai,C
Mumbai,C
Mumbai,C
Mumbai,A
Chennai,D
Chennai,D
Mumbai,A
Chennai,C
Mumbai,C
Mumbai,A
Chennai,C
Chennai,C
Mumbai,A
Mumbai,C
Chennai,C
Mumbai,A
Chennai,C
Chennai,C
Chennai,B
Chennai,D
Mumbai,B
Chennai,D
Chennai,C
Mumbai,D
Chennai,A
Mumbai,D
Mumbai,C
Chennai,D
Mumbai,B
Mumbai,C
Mumbai,C
Mumbai,D
Mumbai,A
Chennai,B
Chennai,C
Chennai,A
Chennai,D
Mumbai,A
Mumbai,C
Chennai,D
Mumbai,A
Chennai,A
Mumbai,A
Mumbai,C
Chennai,C
Chennai,C
Chennai,C
Mumbai,C
Mumbai,D
Chennai,D
Chennai,A
Chennai,D
Mumbai,A
Mumbai,C
Mumbai,A
Chennai,D
Chennai,B
Mumbai,C
Chennai,A
Mumbai,A
Chennai,D
Mumbai,D
Chennai,A
Mumbai,C
Mumbai,D
Mumbai,B
Mumbai,A
Chennai,C
Chennai,D
Chennai,A
Mumbai,A
Mumbai,C
Mumbai,D
Mumbai,A
Chennai,D
Mumbai,C
